<?xml version="1.0" encoding="UTF-8"?>
<project-private xmlns="http://www.netbeans.org/ns/project-private/1">
    <editor-bookmarks xmlns="http://www.netbeans.org/ns/editor-bookmarks/2" lastBookmarkId="0"/>
    <open-files xmlns="http://www.netbeans.org/ns/projectui-open-files/2">
        <group>
            <file>file:/C:/Users/kjyothi/Desktop/NewALCSynthesis/src/Synthesis/SynthesisGUI.java</file>
            <file>file:/C:/Users/kjyothi/Desktop/NewALCSynthesis/src/Synthesis/BuildProcessTree.java</file>
            <file>file:/C:/Users/kjyothi/Desktop/NewALCSynthesis/src/Synthesis/GenerateALCs.java</file>
            <file>file:/C:/Users/kjyothi/Desktop/NewALCSynthesis/src/Synthesis/RefineSynchronize.java</file>
            <file>file:/C:/Users/kjyothi/Desktop/NewALCSynthesis/src/Visualization/VisualizeALC.java</file>
        </group>
    </open-files>
</project-private>
